block,tx,log,amount
12,1,0,1000
14,200,4,200
14,200,101,200
14,202,0,600
18,400,0,500
20,14,8,-1300
22,30,0,500
22,30,1,300
22,30,2,700
25,300,0,1500
25,300,1,-500
25,300,2,200
25,301,0,1000
30,400,0,750
30,400,1,250
30,401,0,500
32,500,0,500
32,500,1,50
32,500,2,50
32,501,0,600
32,501,1,300
