block,asset,holder,endBal
12,0x6,0xf,1000
13,0x6,0xf,1500
14,0x6,0xf,2000
18,0x5,0xf,500
20,0x6,0xf,700
22,0x6,0xf,1200
22,0x3,0xf,400
22,0x4,0xf,700
25,0x6,0xf,2400
25,0x6,0x9,800
30,0x7,0xf,1000
30,0x8,0xf,500
32,0x9,0xf,600
32,0xA,0xf,600
32,0x7,0xf,1200
